INSERT INTO `t_user` VALUES ('21192e5f-29d6-49d8-becb-a99cab411147', '2533549042@163.com', '17386849560', '123456', null, '341423197912017356', '邹敏', null, '1979-12-01', '北京市/东城区', null, null, null, 'default.png', null, null, null, '2017-05-07 20:04:44', null, 'Y');
INSERT INTO `t_user` VALUES ('3d5430dd-063d-41dd-ab42-7af9df7ecdbc', '1286833197@qq.com', '13385940475', '6khXbzC+FmmXFpnAmtBclA==', '星星', '620000199206186696', '张文星', 'M', null, '江西省/赣州市/章贡区', null, null, null, 'default.png', null, '', '3500', '2017-05-07 19:24:03', null, 'Y');
INSERT INTO `t_user` VALUES ('4a85f85b-5d85-4c47-880f-6d6fd942ef96', '87685@126.com', '18975868741', '123456', null, '410182198301242584', '杨洋', null, '1983-01-24', '赣州市/章贡区', null, null, null, 'default.png', null, 'd63f1692-3315-11e7-b907-0a0027000015', null, '2017-05-07 20:08:41', null, 'Y');
INSERT INTO `t_user` VALUES ('61ec3db7-3534-493c-8b58-2d014372508b', '17389750654@qq.com', '13347584758', '123456', null, '440811197508048598', '王建强', null, '1975-08-04', '东莞市/ 会亏', null, null, null, 'default.png', null, '76eeb0f2-3315-11e7-b907-0a0027000015', null, '2017-05-07 20:07:14', null, 'Y');
INSERT INTO `t_user` VALUES ('9f93053c-b63f-4587-9850-92cd95c01234', '2533549042@qq.com', '18975637445', '6khXbzC+FmmXFpnAmtBclA==', '小强110', null, '王强', 'M', null, '江西省/赣州市/章贡区', null, null, null, 'default.png', null, null, '0', '2017-05-07 19:21:34', null, 'Y');
INSERT INTO `t_user` VALUES ('f96f39e3-17f6-45b2-87e7-b0fc44f3a046', '254347347@qq.com', '18912325454', '6khXbzC+FmmXFpnAmtBclA==', null, '360734199709022413', '邹敏祥', 'M', null, '北京市/北京市/东城区', null, null, null, 'default.png', null, '', '4588', '2017-05-07 19:27:35', null, 'Y');


INSERT INTO `t_user_role` VALUES ('2b6ddbc0-3318-11e7-b907-0a0027000015', 'f96f39e3-17f6-45b2-87e7-b0fc44f3a046', 'fba55f1e-265b-11e7-bfbf-2c600cb87d10', '2017-05-07 19:27:35');
INSERT INTO `t_user_role` VALUES ('54118819-3317-11e7-b907-0a0027000015', '9f93053c-b63f-4587-9850-92cd95c01234', '3824a636-2499-11e7-8420-2c600cb87d10', '2017-05-07 19:21:34');
INSERT INTO `t_user_role` VALUES ('5c0f7982-331d-11e7-b907-0a0027000015', '21192e5f-29d6-49d8-becb-a99cab411147', 'f0f999ab-2497-11e7-8420-2c600cb87d10', '2017-05-07 20:04:44');
INSERT INTO `t_user_role` VALUES ('ac9215f6-3317-11e7-b907-0a0027000015', '9f93053c-b63f-4587-9850-92cd95c01234', 'fba55f1e-265b-11e7-bfbf-2c600cb87d10', '2017-05-07 19:24:03');
INSERT INTO `t_user_role` VALUES ('ac921b2b-3317-11e7-b907-0a0027000015', 'f96f39e3-17f6-45b2-87e7-b0fc44f3a046', 'fba55f1e-265b-11e7-bfbf-2c600cb87d10', '2017-05-07 19:24:03');
INSERT INTO `t_user_role` VALUES ('b5715d76-331d-11e7-b907-0a0027000015', '61ec3db7-3534-493c-8b58-2d014372508b', '019fa931-2498-11e7-8420-2c600cb87d10', '2017-05-07 20:07:14');
INSERT INTO `t_user_role` VALUES ('e8ec5b8a-331d-11e7-b907-0a0027000015', '4a85f85b-5d85-4c47-880f-6d6fd942ef96', '019fa931-2498-11e7-8420-2c600cb87d10', '2017-05-07 20:08:41');


INSERT INTO `t_accessories` VALUES ('8a7b5098-9b04-4f95-a17f-042e98af9e64', '变速器齿轮', '9787800058479', '很好的变速器齿轮', '400', '400', '个数', '200', '150', '2017-05-07 19:39:00', '2017-05-07 19:39:00', '6d0670ac-331b-11e7-b907-0a0027000015', '2017-05-07 19:59:57', '5e4529bb-3355-4c7f-8065-205a6a87863f', '76eeb0f2-3315-11e7-b907-0a0027000015', 'Y');
INSERT INTO `t_accessories` VALUES ('c95e16a1-9319-4e45-8429-72c4246ded66', '汽缸盖', '7583957472847', '很好的汽缸盖!', '500', '600', '个数', '97', '50', '2017-05-31 09:45:00', '2017-05-07 20:02:00', '6d0670ac-331b-11e7-b907-0a0027000015', '2017-05-07 20:02:27', '207e54f9-21b8-4e8f-82af-e1598ee8ad3a', '76eeb0f2-3315-11e7-b907-0a0027000015', 'Y');
INSERT INTO `t_accessories` VALUES ('df4abc0a-e48a-4e4a-bd10-f0470c905872', '飞轮', '7564374736458', '很好的飞轮', '200', '350', '个数', '400', '100', '2017-05-23 09:25:00', '2017-05-10 09:45:00', '6d0670ac-331b-11e7-b907-0a002700tyu6', '2017-05-07 20:01:11', '544ae48b-4b0c-44e0-a134-46c1efe8e425', 'd63f1692-3315-11e7-b907-0a0027000015', 'Y');


INSERT INTO `t_accessories_type` VALUES ('207e54f9-21b8-4e8f-82af-e1598ee8ad3a', '发动机总成', '发动机总成', '76eeb0f2-3315-11e7-b907-0a0027000015', 'Y');
INSERT INTO `t_accessories_type` VALUES ('544ae48b-4b0c-44e0-a134-46c1efe8e425', '发动机基本件', '发动机基本件', 'd63f1692-3315-11e7-b907-0a0027000015', 'Y');
INSERT INTO `t_accessories_type` VALUES ('5e4529bb-3355-4c7f-8065-205a6a87863f', '变速器', '变速器', '76eeb0f2-3315-11e7-b907-0a0027000015', 'Y');


INSERT INTO `t_company` VALUES ('76eeb0f2-3315-11e7-b907-0a0027000015', '赣州汽修', '江西省赣州市章贡区八一大道108号', '13347584758', '王建强', 'www.2345.com', '/upload/logo.jsp', '2017-05-17', '10~50', '100', '200', '赣州汽修', 'Y');
INSERT INTO `t_company` VALUES ('d63f1692-3315-11e7-b907-0a0027000015', '广东汽修', '广东省东莞市虎门20号', '18975868741', '杨洋', 'www.1234.com', '/upload/logo.jsp', '2017-05-07', '50~100', '120', '90', '广东汽修', 'Y');


INSERT INTO `t_maintain_fix` VALUES ('1d39ed4d-3316-11e7-b907-0a0027000015', '洗车', '2.00', '200.00', '50.00', '保养', '洗车', '76eeb0f2-3315-11e7-b907-0a0027000015', 'Y');
INSERT INTO `t_maintain_fix` VALUES ('28dec4bb-3316-11e7-b907-0a0027000015', '喷漆', '1.00', '300.00', '60.00', '保养', '喷漆', 'd63f1692-3315-11e7-b907-0a0027000015', 'Y');
INSERT INTO `t_maintain_fix` VALUES ('4ffd4a25-3316-11e7-b907-0a0027000015', '换轮胎', '1.00', '300.00', '30.00', '维修', '换轮胎', '76eeb0f2-3315-11e7-b907-0a0027000015', 'Y');
INSERT INTO `t_maintain_fix` VALUES ('6383606e-3316-11e7-b907-0a0027000015', '换离合器', '3.00', '500.00', '70.00', '维修', '换离合器', 'd63f1692-3315-11e7-b907-0a0027000015', 'Y');


INSERT INTO `t_supply` VALUES ('6d0670ac-331b-11e7-b907-0a0027000015', '天合集团', '18907079681', '邹敏祥', '江西省赣州市章贡区红旗大道18号', '建设银行', '347584957458478456', '邹敏祥', '2533549042', '17379750586', '2017-05-07 19:50:54', '32486844-3319-11e7-b907-0a0027000015', '76eeb0f2-3315-11e7-b907-0a0027000015', 'Y');
INSERT INTO `t_supply` VALUES ('6d0670ac-331b-11e7-b907-0a002700tyu6', '博泽', '17379750687', '双笙', '北京省北京市章贡区东城区18号', '农业银行', '347584957433675556', '双笙', '13387979874', '1286833197', '2017-05-07 19:50:54', '8cb3bba8-331c-11e7-b907-0a0027000015', 'd63f1692-3315-11e7-b907-0a0027000015', 'Y');


INSERT INTO `t_supply_type` VALUES ('023e65a9-331a-11e7-b907-0a0027000015', '普通供应商', '普通供应商', 'e2c58f33-f255-4808-ad45-40a60f3afd5e', 'Y');
INSERT INTO `t_supply_type` VALUES ('8cb3bba8-331c-11e7-b907-0a0027000015', '普通供应商', '普通供应商', 'd9b212a1-15c0-4964-8ff2-eac928c1d4af', 'Y');
